<?xml version="1.0" encoding="utf-8"?>
<ArrayOfSysEquipment xmlns:xsd="http://www.w3.org/2001/XMLSchema" xmlns:xsi="http://www.w3.org/2001/XMLSchema-instance">
  <SysEquipment>
    <unikey>10001</unikey>
    <id>10001</id>
    <name>武器Lv.1</name>
    <type>1</type>
    <description>伤害增加30-50</description>
    <professional>0</professional>
    <sex>0</sex>
    <superposition>0</superposition>
    <hp>0</hp>
    <damage_min>30</damage_min>
    <damage_max>50</damage_max>
    <defense>0</defense>
    <attack_speed>0</attack_speed>
    <life_back>0</life_back>
    <energy_max>0</energy_max>
    <lucky>0</lucky>
    <curse>0</curse>
    <move>0</move>
    <wound_deeper>0</wound_deeper>
    <damage_reduction>0</damage_reduction>
    <skills_cd>0</skills_cd>
  </SysEquipment>
  <SysEquipment>
    <unikey>10002</unikey>
    <id>10002</id>
    <name>武器Lv.2</name>
    <type>1</type>
    <description>伤害增加50-70</description>
    <professional>0</professional>
    <sex>0</sex>
    <superposition>0</superposition>
    <hp>0</hp>
    <damage_min>50</damage_min>
    <damage_max>70</damage_max>
    <defense>0</defense>
    <attack_speed>0</attack_speed>
    <life_back>0</life_back>
    <energy_max>0</energy_max>
    <lucky>0</lucky>
    <curse>0</curse>
    <move>0</move>
    <wound_deeper>0</wound_deeper>
    <damage_reduction>0</damage_reduction>
    <skills_cd>0</skills_cd>
  </SysEquipment>
  <SysEquipment>
    <unikey>10003</unikey>
    <id>10003</id>
    <name>武器Lv.3</name>
    <type>1</type>
    <description>伤害增加70-90</description>
    <professional>0</professional>
    <sex>0</sex>
    <superposition>0</superposition>
    <hp>0</hp>
    <damage_min>70</damage_min>
    <damage_max>90</damage_max>
    <defense>0</defense>
    <attack_speed>0</attack_speed>
    <life_back>0</life_back>
    <energy_max>0</energy_max>
    <lucky>0</lucky>
    <curse>0</curse>
    <move>0</move>
    <wound_deeper>0</wound_deeper>
    <damage_reduction>0</damage_reduction>
    <skills_cd>0</skills_cd>
  </SysEquipment>
  <SysEquipment>
    <unikey>20001</unikey>
    <id>20001</id>
    <name>生命护甲Lv.1</name>
    <type>2</type>
    <description>生命增加50</description>
    <professional>0</professional>
    <sex>0</sex>
    <superposition>0</superposition>
    <hp>50</hp>
    <damage_min>0</damage_min>
    <damage_max>0</damage_max>
    <defense>0</defense>
    <attack_speed>0</attack_speed>
    <life_back>0</life_back>
    <energy_max>0</energy_max>
    <lucky>0</lucky>
    <curse>0</curse>
    <move>0</move>
    <wound_deeper>0</wound_deeper>
    <damage_reduction>0</damage_reduction>
    <skills_cd>0</skills_cd>
  </SysEquipment>
  <SysEquipment>
    <unikey>20002</unikey>
    <id>20002</id>
    <name>生命护甲Lv.2</name>
    <type>2</type>
    <description>生命增加70</description>
    <professional>0</professional>
    <sex>0</sex>
    <superposition>0</superposition>
    <hp>70</hp>
    <damage_min>0</damage_min>
    <damage_max>0</damage_max>
    <defense>0</defense>
    <attack_speed>0</attack_speed>
    <life_back>0</life_back>
    <energy_max>0</energy_max>
    <lucky>0</lucky>
    <curse>0</curse>
    <move>0</move>
    <wound_deeper>0</wound_deeper>
    <damage_reduction>0</damage_reduction>
    <skills_cd>0</skills_cd>
  </SysEquipment>
  <SysEquipment>
    <unikey>20003</unikey>
    <id>20003</id>
    <name>生命护甲Lv.3</name>
    <type>2</type>
    <description>生命增加100</description>
    <professional>0</professional>
    <sex>0</sex>
    <superposition>0</superposition>
    <hp>100</hp>
    <damage_min>0</damage_min>
    <damage_max>0</damage_max>
    <defense>0</defense>
    <attack_speed>0</attack_speed>
    <life_back>0</life_back>
    <energy_max>0</energy_max>
    <lucky>0</lucky>
    <curse>0</curse>
    <move>0</move>
    <wound_deeper>0</wound_deeper>
    <damage_reduction>0</damage_reduction>
    <skills_cd>0</skills_cd>
  </SysEquipment>
  <SysEquipment>
    <unikey>20004</unikey>
    <id>20004</id>
    <name>防御护甲Lv.1</name>
    <type>2</type>
    <description>防御增加20</description>
    <professional>0</professional>
    <sex>0</sex>
    <superposition>0</superposition>
    <hp>0</hp>
    <damage_min>0</damage_min>
    <damage_max>0</damage_max>
    <defense>20</defense>
    <attack_speed>0</attack_speed>
    <life_back>0</life_back>
    <energy_max>0</energy_max>
    <lucky>0</lucky>
    <curse>0</curse>
    <move>0</move>
    <wound_deeper>0</wound_deeper>
    <damage_reduction>0</damage_reduction>
    <skills_cd>0</skills_cd>
  </SysEquipment>
  <SysEquipment>
    <unikey>20005</unikey>
    <id>20005</id>
    <name>防御护甲Lv.2</name>
    <type>2</type>
    <description>防御增加35</description>
    <professional>0</professional>
    <sex>0</sex>
    <superposition>0</superposition>
    <hp>0</hp>
    <damage_min>0</damage_min>
    <damage_max>0</damage_max>
    <defense>35</defense>
    <attack_speed>0</attack_speed>
    <life_back>0</life_back>
    <energy_max>0</energy_max>
    <lucky>0</lucky>
    <curse>0</curse>
    <move>0</move>
    <wound_deeper>0</wound_deeper>
    <damage_reduction>0</damage_reduction>
    <skills_cd>0</skills_cd>
  </SysEquipment>
  <SysEquipment>
    <unikey>20006</unikey>
    <id>20006</id>
    <name>防御护甲Lv.3</name>
    <type>2</type>
    <description>防御增加50</description>
    <professional>0</professional>
    <sex>0</sex>
    <superposition>0</superposition>
    <hp>0</hp>
    <damage_min>0</damage_min>
    <damage_max>0</damage_max>
    <defense>50</defense>
    <attack_speed>0</attack_speed>
    <life_back>0</life_back>
    <energy_max>0</energy_max>
    <lucky>0</lucky>
    <curse>0</curse>
    <move>0</move>
    <wound_deeper>0</wound_deeper>
    <damage_reduction>0</damage_reduction>
    <skills_cd>0</skills_cd>
  </SysEquipment>
  <SysEquipment>
    <unikey>30001</unikey>
    <id>30001</id>
    <name>项链Lv.1</name>
    <type>3</type>
    <description>基础技能冷却减少10%</description>
    <professional>0</professional>
    <sex>0</sex>
    <superposition>0</superposition>
    <hp>0</hp>
    <damage_min>0</damage_min>
    <damage_max>0</damage_max>
    <defense>0</defense>
    <attack_speed>0</attack_speed>
    <life_back>0</life_back>
    <energy_max>0</energy_max>
    <lucky>0</lucky>
    <curse>0</curse>
    <move>0</move>
    <wound_deeper>0</wound_deeper>
    <damage_reduction>0</damage_reduction>
    <skills_cd>10</skills_cd>
  </SysEquipment>
  <SysEquipment>
    <unikey>30002</unikey>
    <id>30002</id>
    <name>项链Lv.2</name>
    <type>3</type>
    <description>基础技能冷却减少30%</description>
    <professional>0</professional>
    <sex>0</sex>
    <superposition>0</superposition>
    <hp>0</hp>
    <damage_min>0</damage_min>
    <damage_max>0</damage_max>
    <defense>0</defense>
    <attack_speed>0</attack_speed>
    <life_back>0</life_back>
    <energy_max>0</energy_max>
    <lucky>0</lucky>
    <curse>0</curse>
    <move>0</move>
    <wound_deeper>0</wound_deeper>
    <damage_reduction>0</damage_reduction>
    <skills_cd>30</skills_cd>
  </SysEquipment>
  <SysEquipment>
    <unikey>30003</unikey>
    <id>30003</id>
    <name>项链Lv.3</name>
    <type>3</type>
    <description>基础技能冷却减少50%</description>
    <professional>0</professional>
    <sex>0</sex>
    <superposition>0</superposition>
    <hp>0</hp>
    <damage_min>0</damage_min>
    <damage_max>0</damage_max>
    <defense>0</defense>
    <attack_speed>0</attack_speed>
    <life_back>0</life_back>
    <energy_max>0</energy_max>
    <lucky>0</lucky>
    <curse>0</curse>
    <move>0</move>
    <wound_deeper>0</wound_deeper>
    <damage_reduction>0</damage_reduction>
    <skills_cd>50</skills_cd>
  </SysEquipment>
  <SysEquipment>
    <unikey>40001</unikey>
    <id>40001</id>
    <name>戒指Lv.1</name>
    <type>4</type>
    <description>生命回复增加1</description>
    <professional>0</professional>
    <sex>0</sex>
    <superposition>0</superposition>
    <hp>0</hp>
    <damage_min>0</damage_min>
    <damage_max>0</damage_max>
    <defense>0</defense>
    <attack_speed>0</attack_speed>
    <life_back>0</life_back>
    <energy_max>0</energy_max>
    <lucky>0</lucky>
    <curse>0</curse>
    <move>0</move>
    <wound_deeper>0</wound_deeper>
    <damage_reduction>0</damage_reduction>
    <skills_cd>0</skills_cd>
  </SysEquipment>
  <SysEquipment>
    <unikey>40002</unikey>
    <id>40002</id>
    <name>戒指Lv.2</name>
    <type>4</type>
    <description>生命回复增加2</description>
    <professional>0</professional>
    <sex>0</sex>
    <superposition>0</superposition>
    <hp>0</hp>
    <damage_min>0</damage_min>
    <damage_max>0</damage_max>
    <defense>0</defense>
    <attack_speed>0</attack_speed>
    <life_back>0</life_back>
    <energy_max>0</energy_max>
    <lucky>0</lucky>
    <curse>0</curse>
    <move>0</move>
    <wound_deeper>0</wound_deeper>
    <damage_reduction>0</damage_reduction>
    <skills_cd>0</skills_cd>
  </SysEquipment>
  <SysEquipment>
    <unikey>40003</unikey>
    <id>40003</id>
    <name>戒指Lv.3</name>
    <type>4</type>
    <description>生命回复增加3</description>
    <professional>0</professional>
    <sex>0</sex>
    <superposition>0</superposition>
    <hp>0</hp>
    <damage_min>0</damage_min>
    <damage_max>0</damage_max>
    <defense>0</defense>
    <attack_speed>0</attack_speed>
    <life_back>0</life_back>
    <energy_max>0</energy_max>
    <lucky>0</lucky>
    <curse>0</curse>
    <move>0</move>
    <wound_deeper>0</wound_deeper>
    <damage_reduction>0</damage_reduction>
    <skills_cd>0</skills_cd>
  </SysEquipment>
  <SysEquipment>
    <unikey>50001</unikey>
    <id>50001</id>
    <name>小恶魔Lv.1</name>
    <type>5</type>
    <description>伤害加成10%</description>
    <professional>0</professional>
    <sex>0</sex>
    <superposition>0</superposition>
    <hp>0</hp>
    <damage_min>0</damage_min>
    <damage_max>0</damage_max>
    <defense>0</defense>
    <attack_speed>0</attack_speed>
    <life_back>0</life_back>
    <energy_max>0</energy_max>
    <lucky>0</lucky>
    <curse>0</curse>
    <move>0</move>
    <wound_deeper>10</wound_deeper>
    <damage_reduction>0</damage_reduction>
    <skills_cd>0</skills_cd>
  </SysEquipment>
  <SysEquipment>
    <unikey>50002</unikey>
    <id>50002</id>
    <name>小恶魔Lv.2</name>
    <type>5</type>
    <description>伤害加成20%</description>
    <professional>0</professional>
    <sex>0</sex>
    <superposition>0</superposition>
    <hp>0</hp>
    <damage_min>0</damage_min>
    <damage_max>0</damage_max>
    <defense>0</defense>
    <attack_speed>0</attack_speed>
    <life_back>0</life_back>
    <energy_max>0</energy_max>
    <lucky>0</lucky>
    <curse>0</curse>
    <move>0</move>
    <wound_deeper>20</wound_deeper>
    <damage_reduction>0</damage_reduction>
    <skills_cd>0</skills_cd>
  </SysEquipment>
  <SysEquipment>
    <unikey>50003</unikey>
    <id>50003</id>
    <name>小恶魔Lv.3</name>
    <type>5</type>
    <description>伤害加成30%</description>
    <professional>0</professional>
    <sex>0</sex>
    <superposition>0</superposition>
    <hp>0</hp>
    <damage_min>0</damage_min>
    <damage_max>0</damage_max>
    <defense>0</defense>
    <attack_speed>0</attack_speed>
    <life_back>0</life_back>
    <energy_max>0</energy_max>
    <lucky>0</lucky>
    <curse>0</curse>
    <move>0</move>
    <wound_deeper>30</wound_deeper>
    <damage_reduction>0</damage_reduction>
    <skills_cd>0</skills_cd>
  </SysEquipment>
  <SysEquipment>
    <unikey>50004</unikey>
    <id>50004</id>
    <name>小天使Lv.1</name>
    <type>5</type>
    <description>伤害减免10%</description>
    <professional>0</professional>
    <sex>0</sex>
    <superposition>0</superposition>
    <hp>0</hp>
    <damage_min>0</damage_min>
    <damage_max>0</damage_max>
    <defense>0</defense>
    <attack_speed>0</attack_speed>
    <life_back>0</life_back>
    <energy_max>0</energy_max>
    <lucky>0</lucky>
    <curse>0</curse>
    <move>0</move>
    <wound_deeper>0</wound_deeper>
    <damage_reduction>10</damage_reduction>
    <skills_cd>0</skills_cd>
  </SysEquipment>
  <SysEquipment>
    <unikey>50005</unikey>
    <id>50005</id>
    <name>小天使Lv.2</name>
    <type>5</type>
    <description>伤害减免20%</description>
    <professional>0</professional>
    <sex>0</sex>
    <superposition>0</superposition>
    <hp>0</hp>
    <damage_min>0</damage_min>
    <damage_max>0</damage_max>
    <defense>0</defense>
    <attack_speed>0</attack_speed>
    <life_back>0</life_back>
    <energy_max>0</energy_max>
    <lucky>0</lucky>
    <curse>0</curse>
    <move>0</move>
    <wound_deeper>0</wound_deeper>
    <damage_reduction>20</damage_reduction>
    <skills_cd>0</skills_cd>
  </SysEquipment>
  <SysEquipment>
    <unikey>50006</unikey>
    <id>50006</id>
    <name>小天使Lv.3</name>
    <type>5</type>
    <description>伤害减免30%</description>
    <professional>0</professional>
    <sex>0</sex>
    <superposition>0</superposition>
    <hp>0</hp>
    <damage_min>0</damage_min>
    <damage_max>0</damage_max>
    <defense>0</defense>
    <attack_speed>0</attack_speed>
    <life_back>0</life_back>
    <energy_max>0</energy_max>
    <lucky>0</lucky>
    <curse>0</curse>
    <move>0</move>
    <wound_deeper>0</wound_deeper>
    <damage_reduction>30</damage_reduction>
    <skills_cd>0</skills_cd>
  </SysEquipment>
  <SysEquipment>
    <unikey>50007</unikey>
    <id>50007</id>
    <name>小精灵Lv.1</name>
    <type>5</type>
    <description>能量上限增加2</description>
    <professional>0</professional>
    <sex>0</sex>
    <superposition>0</superposition>
    <hp>0</hp>
    <damage_min>0</damage_min>
    <damage_max>0</damage_max>
    <defense>0</defense>
    <attack_speed>0</attack_speed>
    <life_back>0</life_back>
    <energy_max>2</energy_max>
    <lucky>0</lucky>
    <curse>0</curse>
    <move>0</move>
    <wound_deeper>0</wound_deeper>
    <damage_reduction>0</damage_reduction>
    <skills_cd>0</skills_cd>
  </SysEquipment>
  <SysEquipment>
    <unikey>50008</unikey>
    <id>50008</id>
    <name>小精灵Lv.2</name>
    <type>5</type>
    <description>能量上限增加4</description>
    <professional>0</professional>
    <sex>0</sex>
    <superposition>0</superposition>
    <hp>0</hp>
    <damage_min>0</damage_min>
    <damage_max>0</damage_max>
    <defense>0</defense>
    <attack_speed>0</attack_speed>
    <life_back>0</life_back>
    <energy_max>4</energy_max>
    <lucky>0</lucky>
    <curse>0</curse>
    <move>0</move>
    <wound_deeper>0</wound_deeper>
    <damage_reduction>0</damage_reduction>
    <skills_cd>0</skills_cd>
  </SysEquipment>
  <SysEquipment>
    <unikey>50009</unikey>
    <id>50009</id>
    <name>小精灵Lv.3</name>
    <type>5</type>
    <description>能量上限增加6</description>
    <professional>0</professional>
    <sex>0</sex>
    <superposition>0</superposition>
    <hp>0</hp>
    <damage_min>0</damage_min>
    <damage_max>0</damage_max>
    <defense>0</defense>
    <attack_speed>0</attack_speed>
    <life_back>0</life_back>
    <energy_max>6</energy_max>
    <lucky>0</lucky>
    <curse>0</curse>
    <move>0</move>
    <wound_deeper>0</wound_deeper>
    <damage_reduction>0</damage_reduction>
    <skills_cd>0</skills_cd>
  </SysEquipment>
  <SysEquipment>
    <unikey>60001</unikey>
    <id>60001</id>
    <name>侦擦术</name>
    <type>6</type>
    <description>侦察附近玩家踪迹，包括隐身玩家，持续60秒</description>
    <professional>0</professional>
    <sex>0</sex>
    <superposition>20</superposition>
    <hp>0</hp>
    <damage_min>0</damage_min>
    <damage_max>0</damage_max>
    <defense>0</defense>
    <attack_speed>0</attack_speed>
    <life_back>0</life_back>
    <energy_max>0</energy_max>
    <lucky>0</lucky>
    <curse>0</curse>
    <move>0</move>
    <wound_deeper>0</wound_deeper>
    <damage_reduction>0</damage_reduction>
    <skills_cd>0</skills_cd>
  </SysEquipment>
  <SysEquipment>
    <unikey>60002</unikey>
    <id>60002</id>
    <name>火舌图腾</name>
    <type>6</type>
    <description>对范围内敌人进行攻击，持续15秒</description>
    <professional>0</professional>
    <sex>0</sex>
    <superposition>20</superposition>
    <hp>0</hp>
    <damage_min>0</damage_min>
    <damage_max>0</damage_max>
    <defense>0</defense>
    <attack_speed>0</attack_speed>
    <life_back>0</life_back>
    <energy_max>0</energy_max>
    <lucky>0</lucky>
    <curse>0</curse>
    <move>0</move>
    <wound_deeper>0</wound_deeper>
    <damage_reduction>0</damage_reduction>
    <skills_cd>0</skills_cd>
  </SysEquipment>
  <SysEquipment>
    <unikey>60003</unikey>
    <id>60003</id>
    <name>治疗图腾</name>
    <type>6</type>
    <description>释放治疗图腾，对范围内队友回复生命，每秒5%，持续15秒</description>
    <professional>0</professional>
    <sex>0</sex>
    <superposition>20</superposition>
    <hp>0</hp>
    <damage_min>0</damage_min>
    <damage_max>0</damage_max>
    <defense>0</defense>
    <attack_speed>0</attack_speed>
    <life_back>0</life_back>
    <energy_max>0</energy_max>
    <lucky>0</lucky>
    <curse>0</curse>
    <move>0</move>
    <wound_deeper>0</wound_deeper>
    <damage_reduction>0</damage_reduction>
    <skills_cd>0</skills_cd>
  </SysEquipment>
  <SysEquipment>
    <unikey>60004</unikey>
    <id>60004</id>
    <name>爆炸陷阱</name>
    <type>6</type>
    <description>释放爆炸图腾，触发对范围造成110%伤害</description>
    <professional>0</professional>
    <sex>0</sex>
    <superposition>20</superposition>
    <hp>0</hp>
    <damage_min>0</damage_min>
    <damage_max>0</damage_max>
    <defense>0</defense>
    <attack_speed>0</attack_speed>
    <life_back>0</life_back>
    <energy_max>0</energy_max>
    <lucky>0</lucky>
    <curse>0</curse>
    <move>0</move>
    <wound_deeper>0</wound_deeper>
    <damage_reduction>0</damage_reduction>
    <skills_cd>0</skills_cd>
  </SysEquipment>
  <SysEquipment>
    <unikey>60005</unikey>
    <id>60005</id>
    <name>虚弱陷阱</name>
    <type>6</type>
    <description>释放虚弱图腾，触发后范围内敌人属性下降20%</description>
    <professional>0</professional>
    <sex>0</sex>
    <superposition>20</superposition>
    <hp>0</hp>
    <damage_min>0</damage_min>
    <damage_max>0</damage_max>
    <defense>0</defense>
    <attack_speed>0</attack_speed>
    <life_back>0</life_back>
    <energy_max>0</energy_max>
    <lucky>0</lucky>
    <curse>0</curse>
    <move>0</move>
    <wound_deeper>0</wound_deeper>
    <damage_reduction>0</damage_reduction>
    <skills_cd>0</skills_cd>
  </SysEquipment>
  <SysEquipment>
    <unikey>60006</unikey>
    <id>60006</id>
    <name>泥潭陷阱</name>
    <type>6</type>
    <description>原地释放陷阱，触发后造成范围减速</description>
    <professional>0</professional>
    <sex>0</sex>
    <superposition>20</superposition>
    <hp>0</hp>
    <damage_min>0</damage_min>
    <damage_max>0</damage_max>
    <defense>0</defense>
    <attack_speed>0</attack_speed>
    <life_back>0</life_back>
    <energy_max>0</energy_max>
    <lucky>0</lucky>
    <curse>0</curse>
    <move>0</move>
    <wound_deeper>0</wound_deeper>
    <damage_reduction>0</damage_reduction>
    <skills_cd>0</skills_cd>
  </SysEquipment>
  <SysEquipment>
    <unikey>60007</unikey>
    <id>60007</id>
    <name>毒瘴陷阱</name>
    <type>6</type>
    <description>释放毒术陷阱，触发对范围内敌人造成100%伤害</description>
    <professional>0</professional>
    <sex>0</sex>
    <superposition>20</superposition>
    <hp>0</hp>
    <damage_min>0</damage_min>
    <damage_max>0</damage_max>
    <defense>0</defense>
    <attack_speed>0</attack_speed>
    <life_back>0</life_back>
    <energy_max>0</energy_max>
    <lucky>0</lucky>
    <curse>0</curse>
    <move>0</move>
    <wound_deeper>0</wound_deeper>
    <damage_reduction>0</damage_reduction>
    <skills_cd>0</skills_cd>
  </SysEquipment>
  <SysEquipment>
    <unikey>60008</unikey>
    <id>60008</id>
    <name>随机传送术</name>
    <type>6</type>
    <description>使用后随机传送到安全点，坐标随机，有风险，慎用</description>
    <professional>0</professional>
    <sex>0</sex>
    <superposition>20</superposition>
    <hp>0</hp>
    <damage_min>0</damage_min>
    <damage_max>0</damage_max>
    <defense>0</defense>
    <attack_speed>0</attack_speed>
    <life_back>0</life_back>
    <energy_max>0</energy_max>
    <lucky>0</lucky>
    <curse>0</curse>
    <move>0</move>
    <wound_deeper>0</wound_deeper>
    <damage_reduction>0</damage_reduction>
    <skills_cd>0</skills_cd>
  </SysEquipment>
</ArrayOfSysEquipment>
